Citadel,474 Citadel Green,2000,648000,1,3,1972,11,29,62
Hamptons,886 Hamptons View,4300,1414000,1,5,2018,5,84,10
Sage Hill,983 Sage Hill Rise,800,1308000,5,1,1984,19,90,35
Citadel,669 Citadel Gate,2700,488000,2,2,2002,12,28,20
Silver Springs,728 Silver Springs Pass,800,1558000,2,2,2016,18,57,72
Sage Hill,745 Sage Hill Ave,300,1833000,1,2,1989,1,39,24
Sage Hill,937 Sage Hill Cross,700,1642000,4,3,1972,12,56,38
Royal Vista,786 Royal Vista Landng,2700,1357000,4,1,1986,20,22,15
Scenic Acres,391 Scenic Acres Crt,500,227000,2,4,1990,14,80,5
Citadel,255 Citadel Bend,3400,1766000,1,4,1988,2,58,48
Hamptons,856 Hamptons View,1600,1679000,3,5,1981,13,69,94
Silver Springs,698 Silver Springs Cove,1200,212000,3,3,1986,4,14,43
Citadel,714 Citadel Cross,2700,200000,3,5,2008,23,18,31
Ranchlands,47 Ranchlands Walk,2300,1767000,1,1,1978,22,52,63
Sage Hill,443 Sage Hill Lane,3200,1535000,2,4,1974,8,8,34
Rocky Ridge,128 Rocky Ridge Blvd,2200,498000,2,4,1982,13,64,40
Hamptons,759 Hamptons Lane,1100,165000,2,2,1988,12,97,12
Dalhousie,854 Dalhousie Pass,3500,1337000,3,5,2011,0,12,80
Scenic Acres,221 Scenic Acres Crt,2400,1929000,4,3,1993,17,19,93
Dalhousie,509 Dalhousie Pky,700,1006000,4,5,1981,2,7,3
Sage Hill,126 Sage Hill Cir,200,741000,1,5,1988,24,84,13
Scenic Acres,961 Scenic Acres Grove,3200,882000,5,3,2008,21,87,57
Royal Oak,970 Royal Oak Alley,3600,875000,4,5,1998,19,61,65
Scenic Acres,458 Scenic Acres Alley,1000,432000,5,3,1990,10,62,12
Hawkwood,251 Hawkwood Cove,2300,22000,1,2,2016,13,2,15
Sage Hill,272 Sage Hill Walk,3900,1417000,4,3,2014,12,12,52
Hawkwood,146 Hawkwood Forest,3800,1458000,4,5,2003,15,70,5
Silver Springs,335 Silver Springs Cres,100,27000,5,2,1977,12,81,87
Royal Oak,354 Royal Oak Field,3400,1349000,4,3,1994,22,11,51
Scenic Acres,972 Scenic Acres Ave,2900,1520000,1,4,2019,11,21,91
Rocky Ridge,361 Rocky Ridge Landng,2100,1630000,5,5,1974,13,67,30
Royal Vista,224 Royal Vista Acres,3500,1457000,1,5,1984,3,98,24
Edgemont,496 Edgemont Gdns,2200,1867000,3,3,2013,12,5,26
Tuscany,60 Tuscany Landng,300,1924000,4,3,1997,19,59,70
Edgemont,346 Edgemont Cove,3400,1034000,2,5,1986,17,60,61
Scenic Acres,968 Scenic Acres Alley,1200,1761000,5,5,1998,17,54,58
Ranchlands,136 Ranchlands View,500,632000,1,5,2020,16,95,62
Hamptons,783 Hamptons Lane,3300,841000,5,1,2007,4,24,27
Hawkwood,148 Hawkwood Rise,2000,1149000,2,4,1993,22,34,91
Hawkwood,861 Hawkwood Bend,3200,1629000,2,2,2002,15,65,10
Simons Valley,282 Simons Valley Meadow,4100,1011000,1,2,2019,21,5,25
Royal Oak,598 Royal Oak Field,1400,1428000,1,4,1987,12,23,25
Nolan Hill,606 Nolan Hill Cove,3000,867000,2,3,2020,0,82,3
Sage Hill,109 Sage Hill Pass,4800,905000,1,3,1974,12,8,24
Tuscany,151 Tuscany Forest,4900,654000,3,2,1999,12,64,25
Royal Oak,450 Royal Oak Pass,2700,380000,5,5,1987,18,63,33
Edgemont,406 Edgemont Hill,800,1321000,3,2,2012,14,14,46
Hawkwood,40 Hawkwood Landng,300,1942000,3,5,2002,10,60,52
Hawkwood,452 Hawkwood Bend,4700,1554000,2,2,2017,13,19,68
Edgemont,64 Edgemont Pass,3600,975000,2,2,2009,0,57,77
Edgemont,329 Edgemont Acres,4300,1009000,5,5,1982,15,44,92
Silver Springs,700 Silver Springs Pass,3800,1486000,5,2,1975,1,100,68
Royal Oak,923 Royal Oak Crt,100,1769000,1,3,1978,18,47,87
Hamptons,926 Hamptons Trail,1400,1088000,1,4,2004,17,96,21
Rocky Ridge,552 Rocky Ridge Cove,1000,1754000,3,3,1971,22,82,4
Silver Springs,520 Silver Springs Abbey,1400,1308000,5,4,2008,9,12,16
Dalhousie,110 Dalhousie Loop,1100,754000,3,3,2007,21,70,75
Simons Valley,37 Simons Valley Cross,3700,50000,2,1,2014,9,12,85
Dalhousie,339 Dalhousie Trail,300,1228000,1,1,1982,2,14,88
Citadel,524 Citadel Circt,4400,1848000,5,3,2014,14,2,40
Simons Valley,618 Simons Valley Acres,3100,443000,4,3,2017,2,9,79
Nolan Hill,860 Nolan Hill Terr,700,583000,4,4,2017,14,76,87
Royal Oak,430 Royal Oak Pass,2400,1696000,5,4,1988,4,77,21
Dalhousie,558 Dalhousie Crt,2500,1763000,4,1,2014,2,31,93
Arbour Lake,511 Arbour Lake Trail,1500,1086000,1,5,2009,1,13,44
Hamptons,928 Hamptons Acres,4600,23000,3,3,1985,15,82,63
Citadel,26 Citadel Close,4300,1219000,5,2,2015,5,0,15
Hamptons,493 Hamptons Alley,2900,316000,2,5,1975,5,16,87
Edgemont,122 Edgemont Meadow,3100,92000,4,5,2010,3,76,86
Citadel,181 Citadel Blvd,5000,933000,3,4,1998,8,12,69
Tuscany,814 Tuscany St,3600,1253000,2,5,1989,11,72,59
Citadel,658 Citadel Walk,1000,897000,1,5,1974,3,89,83
Hamptons,201 Hamptons Cir,5000,1976000,5,4,1989,7,95,98
Simons Valley,92 Simons Valley Bend,1000,585000,4,4,1976,2,27,74
Hawkwood,813 Hawkwood Gate,1000,1047000,5,2,1995,23,96,3
Nolan Hill,637 Nolan Hill View,200,1579000,3,5,1986,7,61,2
Dalhousie,615 Dalhousie Close,2400,838000,1,2,1981,14,77,35
Scenic Acres,102 Scenic Acres Alley,500,1888000,5,2,1993,9,5,14
Ranchlands,745 Ranchlands Ave,700,563000,3,2,1974,0,76,70
Rocky Ridge,940 Rocky Ridge Dr,1200,1877000,2,5,1999,24,4,71
Royal Vista,320 Royal Vista Pky,4500,934000,5,5,2009,24,81,51
Edgemont,552 Edgemont Loop,3500,1037000,4,5,1985,17,48,74
Edgemont,302 Edgemont Acres,2900,569000,1,1,2003,24,0,29
Tuscany,857 Tuscany Sq,1700,1083000,3,4,1999,17,1,90
Rocky Ridge,559 Rocky Ridge Forest,4500,1876000,2,3,2011,14,36,68
Rocky Ridge,667 Rocky Ridge Blvd,3400,1291000,2,4,1987,0,29,31
Royal Vista,698 Royal Vista Alley,3700,1862000,4,2,1980,2,82,12
Hamptons,284 Hamptons View,2500,841000,5,4,1980,9,84,81
Royal Oak,573 Royal Oak Way,3600,821000,2,1,2019,20,45,44
Scenic Acres,415 Scenic Acres Field,4800,576000,4,2,1982,24,97,80
Simons Valley,562 Simons Valley Bend,2800,287000,2,4,2003,1,26,44
Scenic Acres,471 Scenic Acres Green,700,31000,2,5,2019,11,70,69
Royal Vista,734 Royal Vista Pky,200,659000,1,2,1992,9,64,21
Simons Valley,915 Simons Valley Circt,4200,789000,3,2,1972,0,77,84
Simons Valley,401 Simons Valley Green,3000,1256000,1,3,1996,6,77,24
Sage Hill,477 Sage Hill Close,1300,1221000,4,2,1979,3,52,54
Dalhousie,292 Dalhousie Meadow,1600,85000,3,2,2006,15,77,85
Hawkwood,97 Hawkwood Walk,2900,846000,4,5,1989,1,91,31
Citadel,104 Citadel Cross,2500,1005000,1,3,1997,11,6,68
Hamptons,907 Hamptons Ave,3000,1326000,2,5,1998,0,48,93
Hawkwood,351 Hawkwood View,3000,1502000,3,4,1974,7,54,99
Nolan Hill,851 Nolan Hill Pky,500,711000,1,3,2001,10,72,15
Hawkwood,955 Hawkwood Blvd,1900,838000,1,3,2009,10,98,35
Nolan Hill,205 Nolan Hill Close,4400,980000,2,4,1993,1,24,21
Rocky Ridge,839 Rocky Ridge Rise,2200,387000,3,2,2014,14,41,74
Sage Hill,548 Sage Hill Walk,4900,233000,2,5,2004,14,13,82
Arbour Lake,781 Arbour Lake Terr,4100,967000,4,2,1984,17,96,61
Simons Valley,880 Simons Valley Lane,4600,1583000,2,2,1973,16,56,53
Sage Hill,520 Sage Hill Cir,1200,1020000,4,1,1971,8,21,40
Arbour Lake,726 Arbour Lake Cres,1600,1181000,4,5,1974,21,6,48
Rocky Ridge,654 Rocky Ridge Pky,1000,412000,2,2,2000,12,95,85
Hamptons,543 Hamptons Sq,1000,1997000,3,4,1996,10,75,48
Simons Valley,17 Simons Valley Landng,2000,471000,4,2,1971,23,30,38
Simons Valley,649 Simons Valley Dale,3200,20000,4,5,1985,0,5,68
Citadel,490 Citadel Cres,900,1210000,3,5,2006,21,81,97
Edgemont,358 Edgemont Forest,3200,1189000,2,4,1985,16,81,52
Sage Hill,178 Sage Hill Dale,600,922000,2,1,1994,6,76,72
Citadel,828 Citadel Walk,300,1155000,1,4,1986,3,44,56
Citadel,452 Citadel Alley,4300,1012000,1,1,1989,18,82,33
Ranchlands,879 Ranchlands Loop,4500,91000,4,5,1973,24,24,65
Hamptons,854 Hamptons Road,1000,1201000,5,2,1987,21,77,16
Simons Valley,707 Simons Valley Terr,3600,822000,2,3,1974,11,83,27
Simons Valley,379 Simons Valley Acres,5000,549000,5,4,2016,24,2,45
Rocky Ridge,912 Rocky Ridge Loop,3600,109000,3,5,1976,2,68,10
Nolan Hill,89 Nolan Hill Hts,4400,1348000,2,5,1979,6,6,83
Citadel,755 Citadel Sq,4600,527000,3,1,2015,8,69,39
Sage Hill,708 Sage Hill Walk,2700,102000,5,1,1986,1,3,41
Simons Valley,239 Simons Valley Acres,200,440000,1,5,2017,7,90,96
Hawkwood,876 Hawkwood Terr,1500,1632000,2,4,1994,15,64,97
Ranchlands,409 Ranchlands Blvd,1200,526000,4,3,1988,17,70,61
Ranchlands,729 Ranchlands St,700,1001000,3,2,2003,10,84,56
Nolan Hill,73 Nolan Hill Terr,2900,188000,4,4,2006,23,2,46
Edgemont,212 Edgemont Walk,3600,1863000,1,1,2016,14,30,28
Sage Hill,88 Sage Hill Hill,3900,1928000,1,1,1996,17,25,27
Royal Oak,876 Royal Oak Walk,2100,628000,5,2,1999,9,66,91
Dalhousie,863 Dalhousie Lane,1100,966000,5,3,1987,6,36,43
Dalhousie,587 Dalhousie View,2900,713000,5,4,1982,10,75,6
Rocky Ridge,387 Rocky Ridge Cres,3700,673000,4,2,1998,22,88,52
Hawkwood,166 Hawkwood Loop,1600,1656000,3,3,1998,7,83,42
Ranchlands,189 Ranchlands Grove,200,163000,1,3,1974,10,88,70
Citadel,711 Citadel Gdns,900,1693000,1,4,1983,7,58,12
Dalhousie,580 Dalhousie Alley,4200,1729000,4,4,1988,5,0,13
Ranchlands,868 Ranchlands Grove,1800,1265000,2,4,1984,7,31,63
Tuscany,461 Tuscany Hill,1700,1883000,4,4,1980,18,41,38
Arbour Lake,923 Arbour Lake Loop,3500,154000,4,1,1972,3,29,33
Silver Springs,540 Silver Springs Terr,500,1081000,5,1,1988,5,12,65
Simons Valley,40 Simons Valley Green,600,59000,2,1,2018,16,45,13
Simons Valley,550 Simons Valley Gdns,700,966000,5,4,1987,23,86,73
Royal Oak,827 Royal Oak St,4900,321000,1,4,1993,16,16,88
Royal Vista,119 Royal Vista Pky,3100,1088000,2,5,2005,21,12,5
Hamptons,632 Hamptons Circt,3800,1596000,2,1,1975,19,20,55
Dalhousie,826 Dalhousie Blvd,2100,1182000,4,2,1979,23,80,74
Nolan Hill,507 Nolan Hill Loop,3000,1847000,4,3,2005,4,67,44
Hamptons,941 Hamptons Cir,4300,1413000,5,4,2017,13,4,91
Silver Springs,447 Silver Springs Gdns,2300,983000,2,4,1993,8,58,25
Tuscany,6 Tuscany Terr,3900,637000,2,4,1991,5,50,61
Arbour Lake,22 Arbour Lake Terr,100,34000,4,1,1994,0,99,2
Nolan Hill,490 Nolan Hill Blvd,600,249000,1,1,1980,5,7,53
Sage Hill,900 Sage Hill Field,1100,1915000,3,1,2016,16,65,98
Edgemont,577 Edgemont Cross,3600,1322000,4,2,2016,3,20,57
Hawkwood,800 Hawkwood Loop,4800,1597000,2,5,2003,14,76,26
Hamptons,580 Hamptons Bend,2400,1955000,1,3,2000,16,80,85
Ranchlands,83 Ranchlands Pky,3700,397000,5,3,1997,18,10,24
Hamptons,694 Hamptons Park,200,270000,4,2,1993,24,39,93
Arbour Lake,879 Arbour Lake Cres,1300,1138000,4,4,1999,10,12,4
Hamptons,252 Hamptons Circt,4700,824000,5,5,2005,0,96,70
Ranchlands,855 Ranchlands Close,3000,70000,2,2,2004,11,0,17
Simons Valley,15 Simons Valley Dr,500,326000,5,1,1977,0,76,40
Simons Valley,959 Simons Valley Alley,500,627000,5,1,1999,21,90,97
Scenic Acres,174 Scenic Acres Crt,2900,798000,5,5,2005,12,10,94
Simons Valley,647 Simons Valley View,3800,1409000,2,2,2005,4,36,78
Royal Oak,973 Royal Oak Gdns,3600,1300000,4,5,1985,11,54,97
Hawkwood,303 Hawkwood Trail,2500,1291000,4,3,2017,13,33,52
Silver Springs,584 Silver Springs Cres,4300,454000,4,1,1997,1,44,13
Rocky Ridge,128 Rocky Ridge Terr,500,1243000,4,2,1973,19,11,70
Arbour Lake,109 Arbour Lake Road,2900,1481000,4,3,1996,10,32,13
Dalhousie,579 Dalhousie Walk,1200,843000,4,5,1992,10,77,33
Simons Valley,232 Simons Valley Hill,2100,225000,3,3,1974,17,19,93
Dalhousie,430 Dalhousie Park,1700,731000,4,4,1989,22,9,16
Tuscany,829 Tuscany Dr,4500,1700000,4,2,1983,7,77,15
Citadel,269 Citadel Way,3000,981000,2,4,2016,16,99,78
Simons Valley,998 Simons Valley Terr,3400,1874000,2,4,2020,7,34,46
Royal Vista,150 Royal Vista Abbey,1300,979000,2,3,2008,17,25,44
Simons Valley,873 Simons Valley Dale,4600,1135000,2,4,1981,13,95,62
Scenic Acres,360 Scenic Acres Cove,4500,1787000,3,4,2004,9,89,8
Royal Oak,513 Royal Oak Acres,3600,1290000,4,4,1974,5,69,95
Edgemont,544 Edgemont Ave,2200,44000,5,1,1975,21,2,60
Arbour Lake,642 Arbour Lake Meadow,1100,1051000,3,5,2009,1,30,25
Hamptons,684 Hamptons Pass,1600,286000,2,3,1971,22,33,91
Sage Hill,141 Sage Hill Park,3200,383000,5,4,2009,18,42,42
Ranchlands,52 Ranchlands Cir,3600,813000,3,5,2014,17,88,30
Hawkwood,929 Hawkwood Walk,2600,1463000,5,2,1983,3,94,7
Ranchlands,683 Ranchlands Circt,1800,1233000,4,2,1988,21,18,17
Silver Springs,730 Silver Springs Pky,4000,929000,3,4,2019,12,2,86
Royal Oak,406 Royal Oak Field,1700,1394000,4,5,2002,22,67,92
Hamptons,728 Hamptons Lane,900,1022000,1,4,1994,1,13,59
Dalhousie,651 Dalhousie Pky,2000,1076000,1,2,1993,16,10,20
Sage Hill,316 Sage Hill Green,2400,1910000,4,3,1979,8,77,77
Citadel,951 Citadel Pass,1900,121000,1,3,1994,21,83,6
Citadel,203 Citadel Cove,1000,592000,2,4,1994,23,9,36
Citadel,64 Citadel Trail,1500,76000,3,3,1996,16,100,38
Royal Oak,810 Royal Oak Bend,3300,774000,3,1,2003,16,93,56
Sage Hill,159 Sage Hill Forest,2600,1928000,3,4,2004,20,0,53
Royal Vista,408 Royal Vista Trail,1200,1290000,4,2,1987,23,53,64
Hawkwood,237 Hawkwood Cove,3300,1245000,1,4,1974,5,12,54
Scenic Acres,315 Scenic Acres Circt,900,939000,4,2,2004,16,23,92
Rocky Ridge,772 Rocky Ridge Loop,4300,323000,3,3,2017,14,53,44
Arbour Lake,297 Arbour Lake Dr,3400,1748000,1,5,2011,12,64,14
Silver Springs,465 Silver Springs Crt,1500,1148000,5,1,1973,9,60,18
Ranchlands,161 Ranchlands Alley,4400,1849000,4,2,2002,17,87,37
Hamptons,460 Hamptons Hill,3800,476000,2,1,2020,13,85,48
Nolan Hill,592 Nolan Hill Alley,2600,1463000,5,4,1978,14,36,83
Rocky Ridge,392 Rocky Ridge Road,800,286000,5,3,2011,21,60,61
Sage Hill,489 Sage Hill Dale,400,215000,1,2,1990,14,21,73
Hawkwood,705 Hawkwood Landng,2400,1857000,1,1,1976,18,69,37
Dalhousie,780 Dalhousie Hts,2600,1699000,4,2,2006,1,19,78
Citadel,987 Citadel Landng,700,1422000,3,1,1982,12,32,45
Edgemont,737 Edgemont Pass,2000,1904000,5,3,1986,12,29,13
Sage Hill,832 Sage Hill Landng,4600,1977000,2,4,1984,15,0,68
Royal Oak,983 Royal Oak Pky,3700,273000,3,1,1984,9,2,91
Royal Vista,551 Royal Vista Close,4200,582000,3,4,2010,6,35,26
Royal Vista,15 Royal Vista Circt,2000,865000,1,2,1981,21,45,22
Royal Oak,415 Royal Oak Bend,3100,726000,1,2,1998,24,95,55
Hamptons,807 Hamptons Sq,4700,1176000,4,5,1998,5,76,1
Hawkwood,854 Hawkwood Rise,3000,1039000,5,2,1981,12,4,56
Ranchlands,369 Ranchlands Cove,4000,1821000,4,2,1976,15,91,50
Scenic Acres,215 Scenic Acres Pky,4500,360000,1,3,1987,18,14,13
Tuscany,968 Tuscany Lane,1600,1617000,5,3,1980,14,18,28
Hamptons,140 Hamptons Terr,2400,1303000,5,4,1991,8,57,29
Dalhousie,614 Dalhousie Green,2200,1957000,3,5,2020,6,81,4
Tuscany,87 Tuscany Cir,3100,288000,2,1,1976,1,12,99
Simons Valley,689 Simons Valley Ave,1800,885000,1,5,1978,13,87,35
Edgemont,173 Edgemont Hts,4600,67000,5,1,2007,1,38,23
Royal Vista,101 Royal Vista Close,3900,1348000,1,3,2018,21,58,93
Royal Vista,751 Royal Vista Bend,700,862000,2,1,2015,13,91,86
Tuscany,653 Tuscany Loop,3500,544000,5,2,2005,17,14,29
Tuscany,762 Tuscany Bend,3400,687000,1,5,2016,1,46,43
Edgemont,476 Edgemont Trail,4300,403000,5,5,1990,24,69,57
Hawkwood,809 Hawkwood Dale,600,1031000,3,3,1975,2,79,56
Hamptons,552 Hamptons Rise,400,1743000,3,3,1976,9,60,15
Silver Springs,521 Silver Springs Way,2100,616000,1,2,2016,9,76,57
Edgemont,353 Edgemont St,200,762000,4,2,1999,17,26,32
Arbour Lake,38 Arbour Lake Close,4700,1995000,4,4,2005,24,13,68
Dalhousie,268 Dalhousie Park,4300,92000,4,2,2020,20,56,40
Silver Springs,929 Silver Springs Meadow,4700,459000,2,1,1996,17,100,49
Hamptons,541 Hamptons Road,3500,707000,4,5,1992,14,79,10
Arbour Lake,198 Arbour Lake Grove,4100,709000,5,5,1987,24,34,52
Dalhousie,178 Dalhousie Grove,200,1212000,1,4,1975,13,4,76
Hamptons,74 Hamptons Gate,100,1242000,2,3,1990,1,69,7
Royal Vista,736 Royal Vista Rise,400,741000,3,2,2008,7,17,88
Ranchlands,513 Ranchlands Road,2800,131000,5,2,1989,14,32,75
Sage Hill,71 Sage Hill Pky,2700,1226000,5,1,1971,7,2,81
Royal Vista,55 Royal Vista Crt,500,1518000,2,1,1991,0,32,75
Edgemont,447 Edgemont Circt,2100,1742000,1,2,1973,21,7,27
Scenic Acres,709 Scenic Acres Blvd,1100,1832000,4,2,1977,6,67,44
Rocky Ridge,311 Rocky Ridge Road,5000,634000,2,4,1977,12,19,99
Royal Vista,609 Royal Vista St,800,174000,2,2,2011,24,90,44
Simons Valley,587 Simons Valley Cir,4100,1237000,3,4,1999,7,98,34
Royal Oak,469 Royal Oak St,3800,1634000,1,1,2001,16,68,85
Arbour Lake,191 Arbour Lake Gdns,4000,1883000,5,5,2012,18,79,21
Ranchlands,946 Ranchlands Cres,900,1423000,1,5,1986,23,99,81
Royal Vista,740 Royal Vista Cross,100,1203000,2,1,2020,14,82,100
Simons Valley,765 Simons Valley View,4900,1223000,1,4,2000,24,75,15
Hawkwood,400 Hawkwood View,2000,1063000,3,2,1988,5,22,44
Citadel,691 Citadel Blvd,600,642000,2,1,1987,20,60,43
Silver Springs,74 Silver Springs Ave,100,1162000,5,2,2009,13,99,42
Tuscany,875 Tuscany Meadow,1900,959000,2,1,1978,6,6,60
Rocky Ridge,327 Rocky Ridge Field,1600,701000,3,1,1980,14,22,64
Dalhousie,253 Dalhousie Walk,2900,625000,2,5,1980,13,0,33
Scenic Acres,121 Scenic Acres Dr,1800,405000,4,5,2019,5,68,44
Arbour Lake,342 Arbour Lake Pass,700,576000,4,3,1976,12,64,38
Simons Valley,205 Simons Valley Green,2200,1704000,2,5,1993,5,99,27
Simons Valley,979 Simons Valley Cres,5000,950000,1,5,2002,11,28,20
Sage Hill,948 Sage Hill Hill,1000,914000,3,2,2004,7,38,39
Simons Valley,581 Simons Valley Abbey,1600,1471000,4,2,1998,22,4,42
Nolan Hill,711 Nolan Hill Meadow,300,424000,5,4,1979,20,28,73
Sage Hill,214 Sage Hill Trail,700,1050000,5,1,2013,11,27,38
Silver Springs,309 Silver Springs Road,4500,166000,3,2,2007,16,60,15
Silver Springs,113 Silver Springs Gate,3500,1458000,4,1,1973,9,54,29
Dalhousie,355 Dalhousie Cross,4000,1120000,3,4,2007,22,58,6
Hawkwood,663 Hawkwood Pass,3100,347000,4,3,2016,0,17,66
Tuscany,154 Tuscany Loop,2400,761000,2,3,1974,8,41,52
Scenic Acres,971 Scenic Acres Cres,2800,1993000,2,5,1988,20,97,81
Arbour Lake,552 Arbour Lake Bend,4300,213000,4,4,1993,20,59,21
Scenic Acres,356 Scenic Acres Rise,4700,300000,4,2,1989,7,85,83
Silver Springs,797 Silver Springs Cres,1100,1489000,2,2,1984,11,67,68
Royal Oak,471 Royal Oak Abbey,5000,1207000,3,2,2014,16,22,92
Royal Vista,351 Royal Vista Pky,3000,1644000,4,2,2011,16,64,30
Royal Oak,686 Royal Oak Sq,200,60000,4,3,1979,14,23,58
Rocky Ridge,363 Rocky Ridge Crt,2300,1384000,4,5,2004,22,92,16
Ranchlands,298 Ranchlands Grove,1400,94000,4,1,2016,15,43,26
Silver Springs,336 Silver Springs Grove,1000,328000,5,4,1991,11,31,0
Royal Oak,990 Royal Oak Pky,4400,1215000,4,4,2015,2,26,56
Edgemont,528 Edgemont Cross,100,150000,2,5,1984,21,91,9
Royal Oak,807 Royal Oak Grove,2300,1153000,3,3,2015,14,78,17
Sage Hill,496 Sage Hill Forest,1600,351000,3,3,2005,14,77,0
Hamptons,437 Hamptons Loop,5000,1295000,2,5,2019,23,59,62
Rocky Ridge,676 Rocky Ridge Landng,200,1273000,4,5,2017,3,56,89
Rocky Ridge,220 Rocky Ridge Loop,2600,1025000,4,5,2012,13,58,85
Citadel,895 Citadel View,4600,158000,5,5,1983,16,76,16
Silver Springs,172 Silver Springs Cross,4600,1283000,4,2,2015,5,15,71
Hawkwood,965 Hawkwood Way,400,1533000,1,4,1986,24,47,84
Nolan Hill,298 Nolan Hill Lane,800,1169000,4,4,2007,18,43,35
Nolan Hill,828 Nolan Hill Forest,2300,381000,3,3,1984,5,27,65
Royal Oak,406 Royal Oak Trail,200,1201000,3,4,2011,20,41,58
Edgemont,84 Edgemont Road,900,379000,1,2,1975,22,9,97
Simons Valley,295 Simons Valley Hill,4500,1343000,4,1,1972,22,43,25
Hawkwood,959 Hawkwood Circt,900,337000,1,5,2007,8,28,55
Silver Springs,917 Silver Springs Dr,100,1295000,2,1,1984,0,7,84
Sage Hill,308 Sage Hill Landng,3900,262000,5,2,1992,19,23,68
Hamptons,167 Hamptons Pky,300,1729000,5,1,2011,8,76,86
Simons Valley,603 Simons Valley Dale,200,1522000,4,1,1981,1,40,45
Rocky Ridge,466 Rocky Ridge Meadow,4500,327000,2,1,2001,18,43,83
Citadel,3 Citadel St,1300,421000,2,2,1979,4,7,33
Edgemont,201 Edgemont Blvd,4900,1070000,5,3,1973,6,14,13
Edgemont,996 Edgemont Gdns,3100,1514000,2,5,1971,3,90,93
Hamptons,370 Hamptons Cross,1900,725000,3,1,2017,2,38,78
Edgemont,637 Edgemont Rise,2200,1597000,4,4,1988,17,53,21
Sage Hill,945 Sage Hill Blvd,2800,47000,2,1,1980,9,41,47
Royal Vista,700 Royal Vista Dale,500,1212000,5,1,2002,22,9,76
Citadel,839 Citadel Grove,3200,1161000,4,5,1996,4,7,29
Royal Vista,170 Royal Vista Dale,800,1790000,4,3,1997,15,11,97
Royal Vista,888 Royal Vista Ave,1000,185000,4,2,1977,23,85,59
Citadel,658 Citadel Close,2900,1686000,2,2,1986,16,87,40
Silver Springs,695 Silver Springs Cres,700,496000,4,5,1978,13,16,59
Ranchlands,283 Ranchlands Lane,4100,1958000,3,3,1974,1,52,75
Dalhousie,758 Dalhousie Dr,2800,1945000,5,4,2007,14,76,86
Royal Oak,888 Royal Oak Close,4400,1469000,3,5,1991,1,37,100
Ranchlands,49 Ranchlands Loop,2500,1246000,2,3,2002,21,81,56
Edgemont,735 Edgemont Pky,2700,493000,3,4,1983,18,58,88
Citadel,571 Citadel Blvd,3800,579000,2,1,1994,19,66,18
Royal Oak,188 Royal Oak Meadow,4700,156000,1,2,1996,21,100,22
Silver Springs,923 Silver Springs Cove,600,1855000,1,2,1974,6,16,2
Tuscany,660 Tuscany Road,2300,216000,5,3,2001,10,93,6
Royal Oak,158 Royal Oak Field,4200,424000,1,5,2000,8,21,30
Rocky Ridge,8 Rocky Ridge Pky,1600,1071000,3,5,1986,14,42,70
Simons Valley,947 Simons Valley Road,1500,895000,4,3,1977,19,87,23
Scenic Acres,449 Scenic Acres Terr,1700,692000,2,1,2005,20,45,47
Simons Valley,916 Simons Valley Grove,800,1636000,4,1,1978,24,33,86
Hamptons,519 Hamptons Gdns,1500,487000,2,4,1987,21,54,90
Hawkwood,621 Hawkwood Ave,4900,1687000,3,5,2014,21,42,81
Tuscany,997 Tuscany Pky,1000,1585000,5,3,1984,14,81,47
Dalhousie,943 Dalhousie Gate,1000,1703000,4,4,2008,20,77,1
Sage Hill,961 Sage Hill Bend,3500,1779000,2,2,1997,12,68,82
Dalhousie,585 Dalhousie Road,2400,1311000,4,4,1987,6,58,33
Silver Springs,820 Silver Springs Hts,800,893000,5,1,1993,11,79,53
Hawkwood,102 Hawkwood Pass,800,1343000,3,5,2015,13,79,17
Sage Hill,281 Sage Hill Hts,1600,1414000,2,5,1971,10,90,45
Arbour Lake,950 Arbour Lake Road,4200,112000,1,5,1978,7,12,53
Hawkwood,241 Hawkwood Grove,2200,1041000,2,2,1974,10,31,20
Dalhousie,527 Dalhousie Dale,4200,465000,2,3,1976,2,97,70
Royal Oak,981 Royal Oak Road,5000,361000,4,3,1971,20,36,93
Scenic Acres,488 Scenic Acres Abbey,1500,1984000,4,3,1979,13,47,39
Royal Vista,953 Royal Vista Close,200,1650000,3,1,1984,15,17,4
Sage Hill,114 Sage Hill Close,3200,896000,4,1,2003,9,75,30
Silver Springs,174 Silver Springs Cir,2300,791000,2,5,1981,13,7,36
Royal Vista,998 Royal Vista Road,4000,1496000,1,3,1973,7,55,86
Hamptons,609 Hamptons Sq,1800,1603000,1,5,1997,6,37,49
Scenic Acres,113 Scenic Acres Bend,1500,1080000,2,1,2015,10,54,73
Dalhousie,660 Dalhousie Terr,4700,683000,1,3,1974,8,79,49
Edgemont,285 Edgemont Meadow,3000,1367000,2,5,1993,2,69,51
Citadel,628 Citadel Landng,3000,1762000,4,5,1983,18,22,74
Nolan Hill,852 Nolan Hill Grove,2700,967000,2,2,1995,22,28,62
Rocky Ridge,958 Rocky Ridge Gdns,3200,94000,2,5,2020,4,51,40
Silver Springs,85 Silver Springs Dr,4100,308000,1,4,2020,6,27,55
Scenic Acres,687 Scenic Acres Park,2500,651000,4,3,2000,2,27,41
Citadel,260 Citadel Circt,1300,117000,2,4,2006,13,88,18
Hawkwood,885 Hawkwood Terr,2200,370000,3,2,1999,18,6,17
Dalhousie,97 Dalhousie Circt,2000,556000,3,2,1980,2,26,49
Hamptons,895 Hamptons Hill,1600,1278000,1,3,1990,17,100,82
Arbour Lake,148 Arbour Lake Cove,4800,1214000,3,1,2007,10,53,22
Ranchlands,38 Ranchlands Gdns,2600,68000,4,2,1983,1,66,4
Hamptons,710 Hamptons Blvd,700,500000,3,2,2003,21,88,86
Tuscany,424 Tuscany Pky,100,1485000,4,3,1983,8,7,94
Tuscany,73 Tuscany Acres,3600,1032000,1,3,2014,4,93,84
Dalhousie,93 Dalhousie Green,100,1651000,4,5,1991,5,44,49
Simons Valley,111 Simons Valley Hts,2000,1117000,3,2,1990,9,22,82
Tuscany,691 Tuscany Forest,2600,1540000,2,4,1999,22,1,11
Ranchlands,1 Ranchlands Rise,2100,12000,3,3,2012,16,63,3
Silver Springs,300 Silver Springs Rise,3300,545000,1,1,1974,23,51,39
Scenic Acres,771 Scenic Acres Dale,4000,299000,2,5,1993,12,56,17
Edgemont,180 Edgemont Dale,4800,1563000,5,5,2012,3,67,46
Rocky Ridge,733 Rocky Ridge Way,1400,1456000,1,5,1972,4,4,1
Ranchlands,377 Ranchlands Alley,2300,306000,1,3,2011,15,22,94
Royal Vista,225 Royal Vista Cross,4800,1340000,4,4,1991,4,52,24
Hawkwood,201 Hawkwood Pky,1500,1714000,4,2,1977,1,61,41
Dalhousie,902 Dalhousie Field,2900,1598000,4,3,2015,20,69,32
Citadel,302 Citadel Pass,3700,827000,1,1,1993,7,7,73
Hawkwood,247 Hawkwood St,3400,1615000,3,5,2009,15,41,13
Royal Oak,327 Royal Oak Forest,4800,1196000,3,3,1976,8,0,33
Silver Springs,877 Silver Springs Bend,4000,125000,3,2,1981,2,64,20
Citadel,144 Citadel Hts,3900,169000,5,5,2006,16,20,30
Sage Hill,535 Sage Hill Green,3000,1379000,2,2,2013,18,98,65
Citadel,378 Citadel Hill,3200,1156000,5,2,1993,17,35,92
Dalhousie,238 Dalhousie Hts,2500,601000,3,2,2015,21,51,10
Silver Springs,834 Silver Springs Cres,800,765000,1,1,1986,23,10,47
Hawkwood,274 Hawkwood Crt,400,1321000,2,2,2003,1,71,85
Arbour Lake,241 Arbour Lake Acres,2000,683000,5,5,2005,4,81,82
Royal Vista,553 Royal Vista Cove,600,1183000,3,1,2003,3,0,48
Edgemont,358 Edgemont Pass,3400,476000,4,4,1997,22,5,38
Tuscany,809 Tuscany Pass,2500,1277000,5,5,2002,23,51,52
Royal Vista,345 Royal Vista Terr,1500,680000,5,1,2004,7,78,84
Arbour Lake,553 Arbour Lake Gate,1900,1378000,1,3,1977,17,61,19
Silver Springs,444 Silver Springs Grove,3400,82000,3,3,2010,16,12,18
Citadel,220 Citadel Sq,1200,1608000,4,3,1990,1,30,50
Rocky Ridge,716 Rocky Ridge Walk,700,1081000,4,3,1982,1,22,88
Nolan Hill,666 Nolan Hill Rise,3600,1103000,1,5,1986,17,50,20
Simons Valley,978 Simons Valley Road,4100,809000,3,2,1973,17,0,86
Royal Vista,793 Royal Vista Field,4100,57000,4,2,2011,19,36,50
Scenic Acres,793 Scenic Acres Crt,100,14000,4,3,2018,13,76,83
Simons Valley,482 Simons Valley Meadow,4000,1065000,3,2,2005,8,73,65
Simons Valley,239 Simons Valley Grove,600,105000,1,1,1988,17,51,41
Rocky Ridge,218 Rocky Ridge Terr,5000,1288000,5,3,1984,14,23,89
Dalhousie,559 Dalhousie Lane,4900,1779000,4,5,1979,19,67,60
Dalhousie,791 Dalhousie Trail,700,1819000,3,1,1990,19,44,53
Hamptons,267 Hamptons Walk,2900,1378000,3,4,1980,12,52,13
Dalhousie,235 Dalhousie Crt,600,871000,3,2,2016,7,100,8
Silver Springs,948 Silver Springs St,4300,150000,2,5,1982,13,17,14
Hawkwood,217 Hawkwood Lane,3700,1081000,1,2,1995,0,35,48
Hawkwood,161 Hawkwood Bend,1600,681000,4,5,1986,1,9,43
Simons Valley,40 Simons Valley Abbey,1200,454000,2,5,1988,3,22,36
Sage Hill,279 Sage Hill Walk,3400,346000,3,5,1984,23,51,27
Edgemont,175 Edgemont Cove,200,289000,5,3,1999,2,24,100
Sage Hill,343 Sage Hill Cres,2200,1367000,2,4,1982,21,5,58
Citadel,290 Citadel Field,2900,1376000,3,4,2015,11,24,39
Sage Hill,925 Sage Hill Lane,1700,416000,3,5,1980,10,70,40
Nolan Hill,510 Nolan Hill Pky,500,1890000,2,2,2015,14,22,9
Silver Springs,95 Silver Springs Dr,1000,746000,4,2,1978,13,63,56
Arbour Lake,374 Arbour Lake Hts,2400,650000,3,5,2015,8,6,23
Rocky Ridge,913 Rocky Ridge Hill,800,264000,4,2,2005,16,47,3
Hamptons,734 Hamptons Sq,4500,746000,2,4,1976,11,95,96
Hamptons,884 Hamptons Way,4300,1744000,4,2,1992,14,30,60
Tuscany,873 Tuscany Alley,4800,1144000,4,5,1974,11,21,93
Silver Springs,98 Silver Springs Alley,500,419000,1,4,2002,22,35,52
Sage Hill,819 Sage Hill Gdns,2000,810000,3,2,2004,5,41,53
Royal Vista,718 Royal Vista Bend,2700,279000,1,4,2009,24,79,41
Ranchlands,871 Ranchlands Bend,3500,1281000,1,4,2013,8,20,44
Hamptons,87 Hamptons Crt,2100,417000,1,5,2015,11,23,45
Simons Valley,612 Simons Valley Loop,100,1764000,4,1,2005,23,61,74
Edgemont,703 Edgemont Pass,4100,1352000,4,5,1981,7,4,88
Scenic Acres,406 Scenic Acres Green,1700,296000,4,2,2003,23,8,71
Nolan Hill,614 Nolan Hill Landng,2400,1327000,3,5,2006,6,21,10
Silver Springs,288 Silver Springs Walk,800,1075000,1,3,2016,22,100,31
Edgemont,843 Edgemont View,1400,263000,3,5,2010,13,38,15
Dalhousie,163 Dalhousie Way,1200,1576000,5,1,1995,15,2,25
Ranchlands,736 Ranchlands Hts,1100,1885000,3,2,2014,5,20,53
Rocky Ridge,624 Rocky Ridge Dr,2400,1522000,4,2,2002,6,60,93
Sage Hill,809 Sage Hill St,3300,1072000,4,1,2001,20,82,10
Rocky Ridge,681 Rocky Ridge Lane,3800,856000,1,4,2017,17,88,49
Sage Hill,826 Sage Hill Dr,1200,491000,1,1,1991,3,90,55
Tuscany,723 Tuscany St,2700,120000,5,5,2004,21,3,27
Dalhousie,225 Dalhousie Dr,3800,1390000,1,5,2011,2,52,25
Nolan Hill,214 Nolan Hill Pky,3500,423000,4,2,2008,16,26,17
Ranchlands,830 Ranchlands Gate,4800,1677000,5,5,1976,14,70,37
Tuscany,37 Tuscany Rise,200,1865000,3,1,1972,5,92,83
Scenic Acres,243 Scenic Acres Pass,2800,890000,1,4,1975,23,13,94
Citadel,545 Citadel Green,1400,1433000,3,1,1980,2,80,67
Arbour Lake,923 Arbour Lake Dr,200,798000,2,1,1998,11,14,40
Nolan Hill,370 Nolan Hill Loop,200,1006000,5,5,1992,22,15,25
Silver Springs,661 Silver Springs Terr,2600,1019000,4,5,1988,16,99,38
Silver Springs,576 Silver Springs Crt,3200,1377000,2,1,1986,9,19,25
Ranchlands,715 Ranchlands Circt,2900,225000,1,2,1992,1,82,26
Scenic Acres,482 Scenic Acres Bend,3800,68000,5,4,1986,17,52,63
Edgemont,182 Edgemont Sq,1400,1414000,4,2,2000,3,50,13
Citadel,776 Citadel Cross,2200,380000,2,5,1986,21,8,34
Tuscany,235 Tuscany Rise,1200,257000,4,5,1972,14,76,58
Tuscany,232 Tuscany Walk,2900,1089000,4,4,2014,9,1,16
Silver Springs,120 Silver Springs Road,4300,449000,3,5,2017,17,33,100
Hamptons,95 Hamptons Blvd,4700,1243000,4,2,1975,4,70,59
Tuscany,488 Tuscany Forest,2600,484000,4,4,1993,6,13,35
Scenic Acres,437 Scenic Acres Hts,1100,111000,3,3,1983,13,16,33
Sage Hill,108 Sage Hill St,1000,448000,3,2,1999,11,2,94
Nolan Hill,789 Nolan Hill Road,2500,182000,1,4,1989,20,19,28
Tuscany,724 Tuscany Pass,4900,1435000,1,1,1997,13,2,34
Hawkwood,163 Hawkwood Gate,3300,1443000,1,4,2002,0,17,41
Silver Springs,283 Silver Springs Gate,4100,529000,5,5,1998,20,4,1
Sage Hill,496 Sage Hill Lane,2500,1559000,1,2,1983,20,40,62
Royal Vista,857 Royal Vista Way,1300,166000,5,2,1995,22,12,19
Hawkwood,514 Hawkwood Road,3000,998000,3,5,1979,4,3,11
Hawkwood,478 Hawkwood Abbey,3900,618000,5,5,1985,2,5,1
Rocky Ridge,87 Rocky Ridge Green,3800,1083000,2,2,2016,0,66,71
Hamptons,430 Hamptons Dr,3600,1189000,1,2,1987,14,52,36
Sage Hill,339 Sage Hill Gate,3000,660000,5,5,1984,10,45,30
Arbour Lake,255 Arbour Lake Way,1200,233000,4,4,1971,4,65,9
Simons Valley,713 Simons Valley Ave,2000,1727000,5,4,2012,16,49,100
Hamptons,634 Hamptons View,1400,975000,4,3,1998,24,19,57
Ranchlands,433 Ranchlands Pass,4900,996000,5,1,2012,7,89,47
Arbour Lake,436 Arbour Lake Grove,3100,562000,5,1,2018,11,27,94
Hawkwood,486 Hawkwood Cross,1300,1845000,4,1,2002,6,69,80
Ranchlands,323 Ranchlands St,4300,539000,1,3,1976,13,90,67
Arbour Lake,415 Arbour Lake Bend,3200,1301000,4,2,2002,14,92,61
Silver Springs,466 Silver Springs Abbey,4000,1538000,5,2,1978,10,16,54
Edgemont,341 Edgemont Bend,2500,1708000,1,5,1979,3,28,32
Dalhousie,490 Dalhousie Pky,2500,1231000,3,5,1987,1,69,41
Dalhousie,956 Dalhousie Hill,300,182000,3,2,1975,13,91,95
Simons Valley,996 Simons Valley Loop,5000,1849000,2,3,2017,17,27,28
Rocky Ridge,452 Rocky Ridge Alley,3700,1431000,1,2,1979,18,56,54
Edgemont,705 Edgemont Rise,100,898000,1,5,1996,4,87,23
Scenic Acres,325 Scenic Acres Alley,4100,280000,3,4,1999,21,71,50
Hawkwood,581 Hawkwood Acres,2200,1424000,1,3,2005,3,93,22
Sage Hill,719 Sage Hill View,2300,931000,2,2,2015,11,9,21
Citadel,933 Citadel Rise,1800,1584000,1,4,2014,3,37,95
Hawkwood,507 Hawkwood Field,800,1227000,4,5,1989,1,16,57
Hamptons,151 Hamptons Trail,500,1248000,3,5,1980,4,41,90
Silver Springs,170 Silver Springs Pky,2100,1102000,2,1,2009,2,47,40
Sage Hill,557 Sage Hill Acres,1500,1798000,2,3,2009,21,90,100
Dalhousie,230 Dalhousie Dale,3100,406000,2,5,2006,24,89,2
Royal Vista,583 Royal Vista St,1800,1710000,1,2,1997,17,91,28
Nolan Hill,806 Nolan Hill Green,3700,366000,1,4,2000,23,24,57
Ranchlands,443 Ranchlands Rise,500,1924000,2,1,2019,9,77,13
Tuscany,472 Tuscany St,2300,589000,2,3,1973,22,78,73
Silver Springs,797 Silver Springs Acres,900,33000,3,3,1991,19,41,73
Simons Valley,492 Simons Valley Landng,2000,1490000,2,1,2000,18,55,65
Sage Hill,836 Sage Hill Field,1200,1975000,5,2,2010,10,0,2
Simons Valley,94 Simons Valley Acres,2200,4000,4,1,2006,5,90,78
Edgemont,441 Edgemont Alley,2400,1973000,4,5,1994,5,20,35
Silver Springs,363 Silver Springs Crt,2500,309000,1,5,1975,11,42,8
Hamptons,939 Hamptons Cir,1100,1645000,3,4,2006,14,51,62
Sage Hill,654 Sage Hill St,1100,174000,2,2,2020,6,43,28
Hamptons,5 Hamptons Meadow,1600,1768000,2,1,2010,23,39,39
Dalhousie,345 Dalhousie Abbey,3200,1419000,4,5,1998,17,29,92
Nolan Hill,956 Nolan Hill Walk,2300,1229000,1,3,1976,9,58,84
Dalhousie,999 Dalhousie Park,700,1947000,4,5,1972,1,54,0
Ranchlands,98 Ranchlands Pass,600,1035000,4,1,1971,6,44,59
Nolan Hill,185 Nolan Hill Gate,1000,984000,1,3,1999,0,7,16
Simons Valley,406 Simons Valley Hill,300,915000,1,4,2016,21,4,61
Simons Valley,718 Simons Valley Pky,3800,851000,1,4,2003,19,94,67
Royal Vista,814 Royal Vista Forest,100,1324000,5,1,2001,7,78,69
Simons Valley,560 Simons Valley Road,4400,1035000,3,2,2018,20,86,15
Ranchlands,82 Ranchlands Gdns,3000,1063000,3,5,1992,7,57,100
Scenic Acres,55 Scenic Acres Trail,1000,841000,4,5,2017,24,7,6
Hamptons,75 Hamptons Cove,300,1603000,5,3,1998,24,48,62
Simons Valley,376 Simons Valley Bend,200,327000,5,3,2016,3,42,91
Hawkwood,361 Hawkwood Loop,200,1240000,3,5,2008,13,36,15
Dalhousie,637 Dalhousie Landng,2400,898000,5,3,2008,4,4,41
Hawkwood,630 Hawkwood Gdns,2300,1717000,2,4,1972,1,79,60
Scenic Acres,584 Scenic Acres Sq,900,955000,2,2,2013,6,95,24
Citadel,184 Citadel Loop,4500,759000,3,3,2006,11,40,87
Rocky Ridge,167 Rocky Ridge Blvd,2000,1345000,1,2,2003,8,22,65
Scenic Acres,179 Scenic Acres Abbey,3900,1754000,2,4,1993,24,16,73
Citadel,561 Citadel Close,1100,22000,5,3,1972,5,38,76
Hawkwood,147 Hawkwood Close,300,217000,2,5,1989,4,16,36
Dalhousie,422 Dalhousie Crt,1500,466000,1,4,2011,17,25,47
Hamptons,708 Hamptons Pky,3800,1640000,1,1,2019,4,61,47
Tuscany,951 Tuscany Cross,1600,493000,2,1,1988,12,24,56
Royal Vista,296 Royal Vista Road,3700,796000,4,5,1973,0,13,82
Arbour Lake,173 Arbour Lake Lane,2500,991000,3,1,1977,22,54,3
Simons Valley,626 Simons Valley Park,1700,774000,2,4,2011,21,48,80
Sage Hill,957 Sage Hill Cove,2800,244000,3,4,1978,3,51,83
Simons Valley,738 Simons Valley Blvd,3600,933000,3,2,1994,11,82,42
Tuscany,510 Tuscany Sq,1100,467000,1,2,2002,8,24,58
Hawkwood,351 Hawkwood Grove,4000,867000,1,1,1977,14,30,53
Tuscany,160 Tuscany Pass,1100,273000,3,5,1979,23,57,24
Arbour Lake,414 Arbour Lake Dr,3500,1398000,3,3,1987,0,51,81
Citadel,813 Citadel Ave,600,1671000,2,3,2003,20,73,58
Ranchlands,746 Ranchlands Cir,600,497000,1,3,2016,2,30,99
Edgemont,61 Edgemont Green,1700,1130000,3,2,1989,12,56,62
Hamptons,125 Hamptons Cir,4600,284000,2,4,1988,2,63,8
Arbour Lake,890 Arbour Lake Dr,4900,318000,4,5,1980,6,19,29
Dalhousie,491 Dalhousie Dr,2400,180000,3,2,1992,16,77,91
Scenic Acres,956 Scenic Acres Cross,1300,328000,4,2,2004,1,93,97
Arbour Lake,778 Arbour Lake St,4400,522000,5,3,2019,8,12,35
Simons Valley,868 Simons Valley Loop,4900,948000,5,4,1991,6,56,89
Arbour Lake,917 Arbour Lake View,1200,65000,5,3,2013,2,32,37
Citadel,125 Citadel Green,3200,561000,2,4,1997,15,91,55
Edgemont,436 Edgemont Pass,600,412000,2,5,1973,23,62,33
Simons Valley,268 Simons Valley Lane,3900,1348000,5,1,2007,24,27,97
Dalhousie,812 Dalhousie Circt,100,1540000,3,5,1980,12,50,35
Ranchlands,128 Ranchlands Pky,2200,579000,3,5,1995,5,40,64
Hamptons,871 Hamptons Bend,2100,1193000,3,2,1978,4,34,90
Edgemont,319 Edgemont Close,4500,479000,1,3,1976,17,86,36
Royal Vista,116 Royal Vista Alley,700,737000,5,2,2008,14,29,20
Tuscany,582 Tuscany Pky,1300,635000,2,1,1972,17,7,50
Edgemont,726 Edgemont Dale,2400,1245000,4,2,1977,18,22,84
Silver Springs,125 Silver Springs View,100,1902000,1,2,2007,7,13,10
Edgemont,547 Edgemont Terr,4100,384000,3,4,1998,20,15,21
Hawkwood,859 Hawkwood View,600,1123000,4,3,2009,18,6,38
Scenic Acres,995 Scenic Acres Abbey,1900,216000,4,3,1990,3,47,32
Ranchlands,618 Ranchlands Hill,4700,160000,4,2,1983,21,86,82
Silver Springs,348 Silver Springs Gate,3700,1671000,2,3,2008,7,85,60
Royal Oak,933 Royal Oak Cres,3100,1160000,4,2,1988,7,41,36
Scenic Acres,976 Scenic Acres Circt,900,262000,2,3,2000,11,42,56
Hamptons,378 Hamptons Gate,4400,914000,3,4,1980,7,58,70
Hawkwood,95 Hawkwood Terr,1600,1109000,4,5,1977,10,84,25
Rocky Ridge,266 Rocky Ridge Loop,3300,56000,4,3,1984,8,0,18
Royal Vista,902 Royal Vista Gdns,400,1220000,4,4,1986,20,21,43
Dalhousie,305 Dalhousie Terr,100,1263000,2,1,1987,12,26,100
Royal Vista,153 Royal Vista Lane,300,1114000,3,3,1988,11,32,23
Dalhousie,669 Dalhousie Alley,4400,1223000,4,1,1993,15,84,74
Royal Oak,540 Royal Oak Grove,1600,355000,3,5,2006,0,59,51
Edgemont,505 Edgemont St,4300,771000,3,3,2019,19,55,90
Hawkwood,972 Hawkwood Forest,4600,1547000,5,4,2002,10,74,90
Royal Vista,865 Royal Vista Park,400,138000,5,1,2011,6,88,75
Arbour Lake,769 Arbour Lake Field,4700,210000,2,1,2009,22,32,32
Royal Oak,563 Royal Oak Field,2200,176000,2,3,1986,1,80,78
Royal Vista,107 Royal Vista Cres,300,781000,2,1,2005,24,85,7
Scenic Acres,346 Scenic Acres Trail,3700,972000,2,2,1976,2,31,27
Hawkwood,423 Hawkwood Road,300,1307000,1,5,1999,14,8,48
Ranchlands,295 Ranchlands Close,3100,456000,2,2,1994,16,13,89
Arbour Lake,322 Arbour Lake Bend,1300,1682000,4,4,1999,20,5,10
Royal Oak,98 Royal Oak Sq,2200,1552000,3,3,2002,0,40,97
Sage Hill,212 Sage Hill Dr,2100,1047000,5,3,2015,3,53,7
Ranchlands,289 Ranchlands Field,3800,1658000,3,4,2003,4,15,40
Silver Springs,180 Silver Springs Pky,3800,1313000,5,2,1973,20,19,70
Arbour Lake,800 Arbour Lake Field,4300,1399000,2,5,1994,23,6,77
Tuscany,131 Tuscany Cross,4900,81000,1,5,1972,6,85,6
Dalhousie,752 Dalhousie Cres,2600,1138000,3,5,1983,12,2,26
Tuscany,16 Tuscany Way,2600,309000,3,4,1982,19,70,36
Scenic Acres,347 Scenic Acres Terr,1100,864000,4,2,2004,19,55,54
Ranchlands,172 Ranchlands Cir,3400,786000,2,1,2015,23,66,2
Citadel,872 Citadel View,2500,866000,3,3,1983,23,1,13
Citadel,556 Citadel Grove,300,1461000,3,2,1993,0,70,29
Dalhousie,303 Dalhousie Circt,3500,1490000,3,3,1983,20,24,26
Edgemont,126 Edgemont Way,1700,549000,1,1,1982,21,86,96
Simons Valley,956 Simons Valley Loop,2100,1828000,5,4,1984,6,66,31
Rocky Ridge,722 Rocky Ridge Close,1400,1685000,3,3,1978,17,29,60
Tuscany,715 Tuscany Walk,2000,1527000,4,2,2009,2,46,60
Arbour Lake,834 Arbour Lake Dr,1700,1152000,2,5,2003,24,59,67
Royal Oak,698 Royal Oak Grove,4900,1527000,4,3,1996,8,35,32
Arbour Lake,273 Arbour Lake Cove,100,1549000,5,1,1985,12,60,33
Hawkwood,812 Hawkwood Pky,4700,1480000,1,1,1990,13,37,28
Edgemont,60 Edgemont Abbey,4100,971000,4,1,2008,18,61,59
Arbour Lake,283 Arbour Lake Cove,1100,1063000,4,2,1974,16,95,72
Sage Hill,399 Sage Hill Blvd,1000,933000,3,3,1996,5,91,61
Nolan Hill,970 Nolan Hill Grove,100,928000,2,3,2006,11,82,78
Hamptons,245 Hamptons Loop,2300,1361000,1,2,1984,24,30,52
Edgemont,159 Edgemont Field,3900,324000,5,5,2020,22,17,18
Royal Vista,640 Royal Vista Way,400,1571000,3,5,1971,3,90,3
Arbour Lake,164 Arbour Lake Pass,2500,1374000,3,2,2001,11,91,34
Silver Springs,52 Silver Springs Road,1400,1491000,5,2,2019,23,70,12
Dalhousie,969 Dalhousie Hts,1800,561000,3,4,2009,24,7,46
Royal Oak,22 Royal Oak Cross,1100,1879000,2,1,1971,15,15,4
Scenic Acres,306 Scenic Acres Landng,5000,1057000,3,1,1993,13,98,42
Dalhousie,587 Dalhousie Abbey,4900,42000,1,4,1983,22,77,92
Tuscany,713 Tuscany Bend,4400,1633000,4,3,2002,20,40,29
Hawkwood,660 Hawkwood Abbey,500,1220000,2,2,1998,16,36,9
Sage Hill,267 Sage Hill Circt,2000,21000,3,2,2020,0,7,64
Hawkwood,409 Hawkwood Loop,4300,1773000,5,5,2011,16,97,21
Hamptons,285 Hamptons St,300,1842000,1,1,2011,20,61,72
Hamptons,968 Hamptons Pky,2500,437000,5,4,1992,19,46,58
Hawkwood,711 Hawkwood Grove,3100,158000,5,3,1982,11,62,87
Nolan Hill,711 Nolan Hill Rise,1100,996000,3,1,2008,16,20,92
Citadel,306 Citadel Meadow,1900,409000,2,5,1994,11,65,69
Silver Springs,163 Silver Springs Sq,2700,1965000,4,3,1975,2,76,69
Hamptons,861 Hamptons Abbey,3800,1971000,4,2,2007,8,88,17
Hamptons,698 Hamptons Pass,2000,1622000,2,4,1989,13,7,18
Dalhousie,524 Dalhousie Loop,1000,1018000,2,1,1993,2,53,67
Nolan Hill,964 Nolan Hill Loop,5000,1095000,2,3,2001,15,1,38
Hawkwood,130 Hawkwood Trail,5000,1668000,3,2,1998,10,44,35
Royal Oak,342 Royal Oak Gdns,3000,1660000,5,5,2003,17,6,41
Hamptons,616 Hamptons Crt,4100,1590000,5,2,1978,22,99,60
Scenic Acres,164 Scenic Acres Cross,3500,645000,2,4,1977,5,67,6
Scenic Acres,591 Scenic Acres Walk,2400,1813000,4,4,1992,20,33,56
Arbour Lake,262 Arbour Lake Bend,1800,1366000,5,4,1992,8,51,58
Scenic Acres,237 Scenic Acres Loop,200,1841000,4,1,2013,13,32,12
Royal Vista,707 Royal Vista Close,400,1133000,5,5,2010,11,9,23
Arbour Lake,249 Arbour Lake Dale,3000,1908000,4,1,1982,7,34,4
Hamptons,767 Hamptons Forest,800,342000,3,1,2000,23,16,80
Simons Valley,961 Simons Valley Ave,2100,1859000,1,5,1998,11,61,67
Hawkwood,401 Hawkwood Sq,1900,877000,3,1,2001,21,87,70
Tuscany,230 Tuscany Field,3700,1562000,1,3,1994,1,54,54
Royal Vista,406 Royal Vista Circt,3900,330000,4,4,1984,21,58,2
Scenic Acres,170 Scenic Acres Cross,4700,1836000,3,2,2004,15,79,30
Simons Valley,672 Simons Valley Alley,1600,688000,3,4,2003,18,9,21
Hawkwood,872 Hawkwood Close,2900,791000,1,3,1979,10,5,66
Nolan Hill,698 Nolan Hill Ave,3800,1631000,1,4,1975,18,69,13
Arbour Lake,414 Arbour Lake Cove,1000,376000,3,3,2005,13,34,63
Royal Vista,923 Royal Vista Rise,1500,495000,2,1,1982,12,88,94
Tuscany,525 Tuscany Pky,2600,1066000,2,5,1990,11,43,42
Citadel,736 Citadel Trail,5000,340000,1,5,1973,12,14,71
Rocky Ridge,747 Rocky Ridge Pky,4600,518000,5,4,2004,21,70,17
Dalhousie,503 Dalhousie Meadow,4400,1725000,3,2,2015,2,82,50
Dalhousie,550 Dalhousie Abbey,800,1747000,4,4,1982,20,37,2
Royal Oak,383 Royal Oak Pky,4200,139000,2,5,2004,18,37,37
Ranchlands,461 Ranchlands Sq,5000,1498000,4,2,1979,1,36,10
Royal Vista,824 Royal Vista Hill,2500,1464000,5,1,2011,3,87,2
Royal Oak,295 Royal Oak Way,4000,256000,5,1,1997,8,79,92
Royal Vista,386 Royal Vista Green,2700,158000,3,2,2015,9,33,62
Edgemont,967 Edgemont Sq,2300,1791000,1,2,2018,15,32,70
Royal Oak,594 Royal Oak Bend,1300,99000,2,4,2005,11,79,71
Citadel,29 Citadel Green,1600,1820000,3,5,1987,17,62,80
Edgemont,561 Edgemont View,3400,1457000,5,3,1994,21,35,54
Hawkwood,848 Hawkwood Sq,3200,1685000,4,1,2015,24,42,60
Rocky Ridge,808 Rocky Ridge Grove,1900,415000,4,2,1978,3,35,12
Nolan Hill,486 Nolan Hill Park,3400,617000,4,3,1987,16,30,37
Silver Springs,464 Silver Springs Cove,2000,91000,3,5,1996,23,20,95
Royal Vista,705 Royal Vista Dale,400,1793000,3,2,2016,6,92,58
Dalhousie,944 Dalhousie Blvd,2600,1178000,3,1,1998,10,23,38
Royal Oak,353 Royal Oak Circt,1800,414000,3,2,1972,9,32,81
Simons Valley,741 Simons Valley Crt,4500,1521000,4,3,1991,20,39,84
Dalhousie,130 Dalhousie Landng,3000,1897000,4,1,1975,14,89,89
Royal Vista,703 Royal Vista Cove,3400,1177000,1,1,1971,15,44,59
Arbour Lake,381 Arbour Lake Road,3700,775000,2,4,2006,19,20,25
Citadel,97 Citadel Cres,2700,964000,1,1,1984,8,77,23
Silver Springs,304 Silver Springs Hts,400,1313000,4,3,1990,1,94,55
Simons Valley,931 Simons Valley Hts,4600,1122000,5,1,1973,22,48,65
Dalhousie,757 Dalhousie Alley,1500,1922000,3,5,1995,21,84,30
Rocky Ridge,249 Rocky Ridge Cir,500,410000,5,4,2006,14,70,68
Scenic Acres,152 Scenic Acres Rise,1900,1558000,1,2,2015,9,78,65
Royal Vista,533 Royal Vista Acres,3100,742000,4,1,1976,12,54,50
Tuscany,462 Tuscany Green,4300,1619000,2,3,2017,19,80,34
Hawkwood,759 Hawkwood Acres,4400,1583000,2,4,1979,18,42,2
Ranchlands,929 Ranchlands Sq,1700,159000,1,1,1979,11,48,6
Hawkwood,166 Hawkwood Road,3600,952000,3,1,1990,8,68,48
Scenic Acres,550 Scenic Acres Grove,2500,1816000,2,2,1986,11,76,7
Hawkwood,143 Hawkwood Grove,4500,1273000,1,3,1983,6,39,71
Sage Hill,804 Sage Hill Circt,4600,1959000,1,5,2009,10,98,93
Scenic Acres,435 Scenic Acres Blvd,3100,617000,1,2,1987,6,58,100
Rocky Ridge,685 Rocky Ridge Bend,3900,1066000,5,4,2010,2,70,85
Tuscany,278 Tuscany Sq,2100,1115000,2,4,1998,24,9,11
Tuscany,903 Tuscany Loop,1500,699000,3,4,2007,0,93,75
Dalhousie,429 Dalhousie Ave,4500,879000,2,5,2011,10,70,79
Citadel,266 Citadel Cross,2300,1154000,3,3,2002,16,66,71
Royal Vista,680 Royal Vista Hill,4500,1121000,1,1,2009,14,71,9
Tuscany,843 Tuscany Dr,4300,845000,2,4,2002,12,40,62
Dalhousie,733 Dalhousie St,4500,1234000,2,1,1982,11,12,11
Scenic Acres,353 Scenic Acres Abbey,2600,658000,1,2,1978,22,71,1
Hawkwood,541 Hawkwood View,4400,955000,4,4,1977,15,11,1
Hamptons,316 Hamptons Road,600,1481000,1,1,1976,10,30,60
Tuscany,527 Tuscany Rise,5000,1879000,4,3,2014,7,13,9
Hamptons,755 Hamptons Sq,3400,1379000,3,2,1997,3,38,57
Nolan Hill,744 Nolan Hill Meadow,3700,932000,2,4,1985,10,20,32
Edgemont,828 Edgemont Landng,3700,256000,1,5,2009,13,46,26
Nolan Hill,700 Nolan Hill Walk,3300,390000,3,1,1992,20,12,100
Edgemont,247 Edgemont Terr,2400,730000,3,5,2014,21,82,9
Scenic Acres,712 Scenic Acres Loop,4800,1091000,5,3,1982,16,65,20
Scenic Acres,508 Scenic Acres Alley,4600,250000,5,1,2006,0,95,24
Silver Springs,715 Silver Springs Hill,400,97000,5,4,1998,23,8,70
Simons Valley,228 Simons Valley Abbey,1600,466000,3,4,1991,6,38,65
Ranchlands,639 Ranchlands Loop,4600,1092000,2,4,2005,2,24,77
Tuscany,191 Tuscany Landng,2700,1998000,3,1,2014,12,66,28
Rocky Ridge,839 Rocky Ridge Cross,3800,1833000,5,4,2003,20,43,99
Edgemont,889 Edgemont Grove,2000,1437000,2,2,1993,10,30,10
Edgemont,459 Edgemont Meadow,400,889000,1,2,1973,8,63,22
Citadel,878 Citadel Grove,200,921000,5,3,1987,0,44,89
Scenic Acres,374 Scenic Acres Field,300,1050000,2,2,2015,10,6,25
Nolan Hill,247 Nolan Hill Circt,1600,1609000,2,5,2006,22,21,68
Rocky Ridge,291 Rocky Ridge Park,1500,1644000,2,2,2004,12,0,72
Simons Valley,658 Simons Valley Gdns,1600,849000,4,2,1995,3,22,87
Royal Vista,909 Royal Vista Alley,2300,1610000,1,1,2003,6,45,6
Arbour Lake,807 Arbour Lake Loop,500,1734000,1,3,1983,16,28,93
Arbour Lake,315 Arbour Lake View,2600,2000000,3,5,1986,13,34,94
Silver Springs,727 Silver Springs Field,2300,671000,3,2,1983,9,41,7
Royal Oak,227 Royal Oak Hill,3300,1616000,2,2,1997,19,25,29
Royal Oak,761 Royal Oak Blvd,4300,1750000,5,2,2010,17,72,51
Royal Vista,595 Royal Vista Rise,400,1377000,4,3,1992,6,44,56
Citadel,904 Citadel Bend,3100,1511000,5,2,1990,4,29,0
Arbour Lake,817 Arbour Lake Close,1500,229000,1,2,1972,1,0,8
Dalhousie,624 Dalhousie Dr,1600,308000,5,2,2005,6,0,17
Rocky Ridge,132 Rocky Ridge Rise,3500,1589000,5,4,2013,19,13,74
Citadel,209 Citadel Rise,400,589000,1,3,1972,3,95,91
Simons Valley,774 Simons Valley Landng,4300,630000,1,2,1974,16,60,92
Hawkwood,450 Hawkwood Dale,800,345000,5,5,1986,2,50,68
Hamptons,454 Hamptons Close,300,1328000,1,4,1993,20,89,22
Ranchlands,897 Ranchlands Gdns,3700,913000,3,3,1982,22,29,97
Sage Hill,841 Sage Hill View,4900,1037000,1,5,2003,5,39,14
Hamptons,400 Hamptons Grove,4800,1950000,5,1,1973,15,56,76
Hawkwood,197 Hawkwood Way,600,29000,3,2,1991,21,42,98
Royal Vista,357 Royal Vista Trail,3800,303000,1,1,1978,16,3,86
Royal Vista,71 Royal Vista Pky,2600,1274000,2,1,1984,17,89,73
Ranchlands,508 Ranchlands Cres,1800,1767000,2,3,2015,4,62,95
Hamptons,330 Hamptons Pass,4400,1503000,4,1,1998,5,16,16
Hamptons,401 Hamptons St,2900,383000,3,2,1985,3,15,25
Royal Vista,189 Royal Vista Ave,2000,1873000,3,1,1996,4,30,41
Arbour Lake,717 Arbour Lake Dr,1800,184000,2,1,1991,17,5,31
Scenic Acres,348 Scenic Acres Walk,1100,848000,4,5,1987,21,21,64
Citadel,460 Citadel Terr,2700,757000,3,1,1982,0,75,68
Ranchlands,657 Ranchlands Cres,2800,1312000,5,2,2002,17,78,69
Sage Hill,233 Sage Hill Alley,2000,268000,3,2,2004,6,29,35
Scenic Acres,599 Scenic Acres Rise,500,120000,5,1,2014,5,54,44
Arbour Lake,843 Arbour Lake Sq,3800,513000,3,1,1972,12,15,28
Hamptons,213 Hamptons View,400,110000,1,1,1990,7,33,24
Royal Oak,439 Royal Oak Meadow,3600,1575000,4,5,1997,20,90,22
Citadel,56 Citadel Hts,1900,1539000,4,5,2011,13,80,26
Arbour Lake,2 Arbour Lake St,400,728000,1,5,1976,0,41,87
Citadel,532 Citadel Abbey,4100,372000,1,5,1985,21,84,70
Scenic Acres,616 Scenic Acres View,2200,1085000,5,1,2008,22,23,31
Royal Oak,695 Royal Oak Way,400,727000,1,3,2014,0,74,64
Dalhousie,34 Dalhousie Dr,2400,1059000,5,5,2019,5,75,26
Rocky Ridge,207 Rocky Ridge Abbey,4200,1677000,1,1,2017,3,14,68
Simons Valley,843 Simons Valley Hill,700,1989000,1,2,1979,20,29,5
Nolan Hill,634 Nolan Hill Hill,1100,1196000,5,2,1983,22,57,93
Arbour Lake,471 Arbour Lake Circt,2300,344000,4,2,1988,23,90,31
Ranchlands,525 Ranchlands Gdns,3200,464000,2,2,1979,19,33,36
Royal Oak,937 Royal Oak Way,800,315000,4,3,1991,22,65,52
Dalhousie,791 Dalhousie Loop,2600,784000,3,2,2002,8,76,26
Royal Vista,880 Royal Vista Circt,700,848000,1,5,2014,6,54,48
Scenic Acres,236 Scenic Acres Road,4400,405000,1,1,1992,3,91,88
Edgemont,136 Edgemont Crt,4600,1768000,5,3,1976,14,21,29
Edgemont,334 Edgemont Hill,500,466000,5,5,1976,20,4,28
Tuscany,302 Tuscany St,4800,1058000,5,5,2010,2,18,13
Silver Springs,649 Silver Springs Way,1200,1248000,3,3,1993,6,87,33
Scenic Acres,822 Scenic Acres Pass,2500,1987000,1,5,2018,22,50,77
Royal Vista,638 Royal Vista Hts,2000,1526000,4,3,1989,24,30,36
Arbour Lake,832 Arbour Lake Way,1100,580000,3,3,1991,6,5,10
Hawkwood,644 Hawkwood Trail,1600,232000,1,2,1986,7,40,55
Hawkwood,35 Hawkwood St,1100,1704000,3,2,1976,24,92,75
Dalhousie,999 Dalhousie Road,1100,1622000,1,5,1980,12,52,49
Silver Springs,598 Silver Springs Cove,1200,221000,1,1,2011,19,14,6
Tuscany,787 Tuscany Trail,4900,1934000,1,3,2015,14,3,83
Sage Hill,265 Sage Hill Dr,4300,434000,5,2,1991,2,59,62
Silver Springs,625 Silver Springs Hill,600,235000,1,5,1977,24,26,49
Hawkwood,533 Hawkwood Rise,2000,1359000,1,2,2000,10,47,8
Simons Valley,431 Simons Valley Sq,4600,803000,1,5,2018,0,47,72
Scenic Acres,449 Scenic Acres Lane,4100,1687000,3,5,1975,13,93,85
Royal Vista,59 Royal Vista Alley,4500,596000,3,2,2009,23,63,83
Simons Valley,318 Simons Valley Loop,3000,1164000,4,4,2009,14,92,79
Sage Hill,715 Sage Hill Sq,4300,326000,4,1,1979,23,42,22
Simons Valley,398 Simons Valley Field,2000,1676000,3,4,2000,9,83,56
Simons Valley,989 Simons Valley Way,900,1425000,3,2,1989,16,34,77
Rocky Ridge,425 Rocky Ridge Rise,2500,921000,1,1,1973,11,44,56
Sage Hill,303 Sage Hill Loop,4100,316000,4,2,1999,10,88,69
Rocky Ridge,668 Rocky Ridge Acres,4200,1893000,3,3,2020,20,22,93
Ranchlands,754 Ranchlands Loop,100,361000,5,4,2014,17,95,55
Silver Springs,396 Silver Springs View,1500,352000,4,2,1990,7,62,98
Ranchlands,283 Ranchlands Cove,1900,905000,1,1,1982,24,11,96
Nolan Hill,581 Nolan Hill Abbey,900,272000,1,3,2016,1,35,3
Dalhousie,743 Dalhousie Green,400,567000,3,5,1974,0,78,7
Dalhousie,165 Dalhousie Gate,800,257000,3,4,2020,17,43,8
Hamptons,411 Hamptons Pky,900,160000,3,4,2017,18,19,50
Hamptons,43 Hamptons Road,3600,217000,5,2,1979,9,78,95
Silver Springs,98 Silver Springs Bend,500,1566000,2,3,2006,23,81,30
Nolan Hill,877 Nolan Hill Grove,5000,153000,2,1,2009,21,0,76
Simons Valley,286 Simons Valley Landng,3300,1339000,1,5,1979,1,68,48
Simons Valley,999 Simons Valley Gdns,200,77000,1,5,1992,5,82,67
Silver Springs,44 Silver Springs Sq,4000,983000,1,5,2013,12,33,42
Nolan Hill,840 Nolan Hill Park,2300,1241000,3,5,2000,18,32,0
Royal Vista,897 Royal Vista Dale,4000,1983000,3,4,1994,18,39,46
Royal Vista,837 Royal Vista Trail,2900,172000,2,2,2015,10,67,4
Edgemont,609 Edgemont Sq,2500,869000,3,5,1978,10,88,8
Dalhousie,117 Dalhousie Gate,3000,1972000,5,3,1985,4,12,67
Tuscany,608 Tuscany Dr,3700,81000,5,5,1993,0,86,66
Scenic Acres,583 Scenic Acres Dale,2600,1825000,1,4,1977,19,75,22
Silver Springs,98 Silver Springs Meadow,1600,1897000,4,3,1981,3,26,19
Tuscany,780 Tuscany Gate,1000,1438000,4,4,1977,10,24,68
Edgemont,220 Edgemont Pass,3200,1068000,2,5,1975,7,18,3
Hawkwood,37 Hawkwood Landng,800,101000,4,3,1979,16,78,10
Simons Valley,578 Simons Valley Gdns,1200,1027000,1,5,1973,9,39,0
Arbour Lake,779 Arbour Lake View,400,350000,1,1,1987,13,64,4
Simons Valley,568 Simons Valley Forest,1100,707000,1,1,1975,21,92,21
Arbour Lake,300 Arbour Lake St,2600,933000,3,3,1986,21,80,48
Royal Vista,370 Royal Vista Way,1100,1469000,3,4,2014,12,22,45
Rocky Ridge,838 Rocky Ridge Close,2200,770000,5,3,2013,3,56,11
Nolan Hill,180 Nolan Hill Field,3900,1922000,1,1,1997,21,48,59
Scenic Acres,186 Scenic Acres Cres,3300,17000,3,3,2017,16,32,79
Edgemont,939 Edgemont Hill,4500,1132000,2,4,1993,13,2,75
Hawkwood,883 Hawkwood Rise,3200,216000,5,3,1998,12,61,5
Edgemont,28 Edgemont Way,2500,1108000,1,2,1999,14,67,22
Ranchlands,882 Ranchlands Cres,600,16000,1,5,2010,0,12,47
Ranchlands,772 Ranchlands Terr,1800,69000,3,1,1994,0,47,96
Hawkwood,837 Hawkwood Circt,2900,735000,4,1,2002,16,24,46
Ranchlands,436 Ranchlands Crt,3600,825000,2,5,1995,14,13,95
Sage Hill,749 Sage Hill Park,4800,498000,1,3,2008,5,45,12
Dalhousie,633 Dalhousie Gdns,2300,565000,3,5,1990,15,86,8
Ranchlands,336 Ranchlands Acres,1600,445000,4,1,1981,6,41,3
Scenic Acres,709 Scenic Acres Close,1700,1712000,3,2,2005,22,35,37
Sage Hill,739 Sage Hill Loop,2900,1665000,4,1,1981,15,69,89
Simons Valley,714 Simons Valley Terr,3400,1575000,4,1,2002,13,50,13
Edgemont,977 Edgemont Field,4700,1312000,4,2,2006,24,47,95
Scenic Acres,947 Scenic Acres Loop,4800,1540000,5,3,1984,11,64,50
Arbour Lake,656 Arbour Lake Lane,4800,1923000,2,4,1991,20,82,15
Royal Vista,781 Royal Vista Close,2300,1599000,1,4,2010,23,45,12
Dalhousie,892 Dalhousie Field,4300,686000,4,2,1997,9,76,19
Tuscany,864 Tuscany Green,2500,1687000,1,5,2015,17,46,21
Nolan Hill,245 Nolan Hill Road,4600,1089000,5,4,2008,21,75,25
Rocky Ridge,45 Rocky Ridge Ave,2100,1156000,4,4,2011,14,37,80
Hawkwood,662 Hawkwood Ave,500,1701000,1,1,1998,5,41,51
Rocky Ridge,514 Rocky Ridge Loop,2100,442000,3,4,2001,5,65,12
Nolan Hill,33 Nolan Hill Ave,4800,1923000,1,5,1998,0,3,65
Ranchlands,775 Ranchlands Ave,800,753000,1,4,1989,18,80,95
Nolan Hill,16 Nolan Hill Bend,3700,1370000,4,5,2006,8,82,64
Scenic Acres,571 Scenic Acres Gdns,2900,711000,1,2,2020,12,34,57
Dalhousie,693 Dalhousie Sq,1400,964000,4,3,2006,9,29,54
Hamptons,23 Hamptons Blvd,1900,887000,2,4,1995,3,0,3
Rocky Ridge,22 Rocky Ridge Cove,1100,1053000,4,3,2006,18,10,32
Rocky Ridge,506 Rocky Ridge Gate,400,1356000,4,4,1976,14,33,50
Citadel,197 Citadel Gate,4800,124000,5,3,1995,0,86,86
Dalhousie,915 Dalhousie Hill,2800,211000,3,2,1979,11,96,1
Hawkwood,486 Hawkwood Abbey,2000,1711000,1,1,1988,19,21,75
Simons Valley,539 Simons Valley Ave,700,1383000,2,2,1983,9,27,61
Sage Hill,451 Sage Hill Circt,2000,473000,1,3,1991,17,61,63
Citadel,770 Citadel Green,1200,518000,1,5,2009,8,5,76
Royal Vista,800 Royal Vista View,4600,860000,4,4,1981,24,81,79
Royal Vista,988 Royal Vista Ave,500,1197000,3,2,2019,16,52,41
Royal Vista,782 Royal Vista Grove,2900,1096000,1,5,1981,8,14,98
Simons Valley,340 Simons Valley Sq,2000,1631000,4,5,1995,7,55,87
Edgemont,772 Edgemont Sq,1500,243000,2,4,1990,0,94,85
Nolan Hill,355 Nolan Hill Grove,600,1492000,1,2,1988,20,67,14
Arbour Lake,535 Arbour Lake Pass,2700,1686000,1,1,2017,2,4,0
Simons Valley,149 Simons Valley View,3000,564000,1,4,1988,7,63,99
Ranchlands,920 Ranchlands St,1200,541000,1,3,2000,10,13,16
Scenic Acres,792 Scenic Acres Meadow,200,1878000,3,2,1987,20,65,42
Tuscany,279 Tuscany Cross,1100,1333000,2,3,1985,10,93,71
Silver Springs,530 Silver Springs Park,900,752000,3,3,2008,19,50,3
Royal Oak,522 Royal Oak Abbey,3900,20000,5,4,2020,5,82,0
Rocky Ridge,865 Rocky Ridge Grove,2600,1199000,1,3,1979,14,55,94
Royal Oak,448 Royal Oak Circt,4800,1541000,1,1,1991,7,99,75
Citadel,451 Citadel Pass,900,1103000,3,2,1978,23,42,70
Edgemont,237 Edgemont Road,200,1696000,1,1,2019,21,30,66
Nolan Hill,153 Nolan Hill Hts,1100,417000,2,5,1972,19,70,87
Dalhousie,962 Dalhousie Alley,4100,1220000,2,5,2005,0,45,8
Scenic Acres,943 Scenic Acres Gdns,1000,300000,1,5,2004,0,91,100
Silver Springs,915 Silver Springs Abbey,2700,530000,5,1,1995,24,81,80
Ranchlands,487 Ranchlands Pass,4200,1905000,2,3,2003,7,50,6
Nolan Hill,177 Nolan Hill Cres,3100,1779000,5,1,2013,16,95,42
Simons Valley,283 Simons Valley Dr,1000,1964000,4,2,2001,18,72,23
Arbour Lake,285 Arbour Lake Rise,1300,1586000,1,4,2004,0,81,56
Simons Valley,623 Simons Valley Hts,4600,1691000,4,1,2012,4,18,26
Arbour Lake,687 Arbour Lake Acres,2100,1246000,1,3,2007,3,99,16
Royal Oak,121 Royal Oak Gdns,3800,187000,4,1,2018,20,38,87
Hamptons,675 Hamptons Bend,3600,404000,4,1,2007,6,100,51
Tuscany,491 Tuscany Close,4100,1864000,1,2,2014,7,31,92
Tuscany,63 Tuscany Sq,700,1404000,4,2,2003,24,58,87
Citadel,60 Citadel Road,3300,1156000,5,3,1986,12,78,31
Dalhousie,925 Dalhousie Cir,2100,1032000,4,1,1976,13,82,34
Sage Hill,393 Sage Hill Dr,3700,979000,3,4,1998,15,77,89
Edgemont,707 Edgemont Hts,2200,417000,5,4,1977,14,93,73
Royal Vista,956 Royal Vista Close,1300,618000,2,2,2005,6,31,70
Silver Springs,517 Silver Springs Cross,4400,720000,5,1,1997,22,72,16
Scenic Acres,349 Scenic Acres St,1000,478000,3,3,2005,0,54,25
Royal Oak,901 Royal Oak Bend,200,1546000,5,4,2008,3,67,0
Hawkwood,363 Hawkwood Grove,800,1657000,4,2,2014,4,56,72
Sage Hill,573 Sage Hill Walk,2100,91000,2,4,2002,0,85,74
Nolan Hill,106 Nolan Hill Alley,3500,1520000,1,3,1999,17,56,59
Scenic Acres,39 Scenic Acres Terr,1900,808000,3,4,1994,20,98,0
Nolan Hill,856 Nolan Hill Walk,1100,1190000,4,1,1993,11,4,72
Citadel,468 Citadel Grove,1700,1232000,3,4,1994,23,65,26
Ranchlands,895 Ranchlands Forest,4700,344000,3,5,1976,2,87,28
Simons Valley,282 Simons Valley Dr,1000,161000,3,2,1993,8,60,53
Royal Oak,459 Royal Oak Blvd,300,1133000,3,4,1991,22,45,39
Sage Hill,573 Sage Hill Road,4700,229000,4,3,1987,16,85,9
Hawkwood,179 Hawkwood Loop,2900,1186000,3,1,1987,7,10,35
Ranchlands,14 Ranchlands Ave,100,1704000,3,2,2011,24,42,29
Dalhousie,33 Dalhousie Sq,3500,1579000,5,3,2017,11,52,71
Hawkwood,817 Hawkwood Gdns,2900,1068000,1,3,1996,21,43,39
Hawkwood,933 Hawkwood View,4200,1282000,1,2,1972,23,13,68
Silver Springs,860 Silver Springs Close,3300,1817000,2,4,2012,24,88,83
Royal Oak,912 Royal Oak Hill,3300,1746000,3,4,1996,12,100,59
Tuscany,488 Tuscany Terr,4700,837000,2,5,1983,15,49,67
Hawkwood,89 Hawkwood Cres,1400,1091000,5,4,1997,24,89,12
Nolan Hill,518 Nolan Hill Park,3500,323000,1,4,1989,13,13,63
Nolan Hill,809 Nolan Hill Rise,900,1474000,5,1,1988,1,55,87
Arbour Lake,138 Arbour Lake Sq,2600,1218000,5,2,2010,2,8,98
Silver Springs,966 Silver Springs Hts,2700,1115000,2,3,2006,20,59,19
Silver Springs,888 Silver Springs Circt,4300,1397000,1,5,1997,5,43,32
Silver Springs,175 Silver Springs Landng,1800,10000,5,4,2011,9,7,23
Arbour Lake,896 Arbour Lake Gdns,1600,1772000,5,5,2011,21,86,38
Citadel,818 Citadel Meadow,4500,1432000,5,2,2004,20,10,65
Sage Hill,780 Sage Hill Sq,3800,191000,2,3,2004,3,37,92
Ranchlands,735 Ranchlands Meadow,2100,874000,5,4,1987,4,2,41
Hawkwood,538 Hawkwood Park,4500,1659000,1,4,2016,9,18,69
Hawkwood,286 Hawkwood Cir,2800,1530000,5,4,2011,5,28,86
Silver Springs,361 Silver Springs Loop,4700,194000,1,1,2005,2,17,0
Hawkwood,63 Hawkwood St,4400,639000,1,3,1973,10,69,13
Tuscany,816 Tuscany Cross,400,545000,4,3,2016,16,45,62
Tuscany,259 Tuscany Cres,1900,489000,3,1,1977,0,43,8
Silver Springs,716 Silver Springs Landng,3900,997000,2,4,1999,15,17,32
Ranchlands,747 Ranchlands Ave,3800,1022000,3,5,1987,6,88,30
Citadel,670 Citadel Hts,1000,1239000,1,2,2010,4,79,49
Silver Springs,603 Silver Springs Dr,700,1879000,1,5,1972,19,82,64
Sage Hill,918 Sage Hill Cres,1800,1475000,5,4,2010,11,8,22
Silver Springs,594 Silver Springs Landng,1200,748000,4,2,1977,17,53,27
Ranchlands,912 Ranchlands Meadow,200,1448000,3,4,2009,9,40,39
Arbour Lake,410 Arbour Lake Abbey,3300,1166000,1,5,1983,0,48,84
Hawkwood,594 Hawkwood Pass,4500,1096000,2,1,1990,9,99,14
Hawkwood,678 Hawkwood Cove,1600,1395000,5,3,1975,17,46,55
Royal Vista,343 Royal Vista Abbey,4000,907000,4,5,2013,21,56,75
Arbour Lake,186 Arbour Lake Field,400,1371000,2,3,2006,3,21,74
Royal Oak,543 Royal Oak Abbey,4900,1169000,2,4,2013,21,85,5
Hamptons,450 Hamptons Gdns,1600,1635000,5,1,2011,10,62,34
Royal Oak,593 Royal Oak Crt,3300,639000,4,1,1976,4,20,37
Silver Springs,90 Silver Springs Terr,4500,1071000,1,4,1999,8,43,48
Nolan Hill,856 Nolan Hill Circt,100,1745000,1,2,1976,23,58,92
Dalhousie,744 Dalhousie Way,2000,1736000,4,2,1993,23,0,11
Royal Vista,36 Royal Vista Trail,400,575000,4,4,2009,22,32,22
Hawkwood,332 Hawkwood Gate,3300,905000,1,2,2012,24,88,50
Tuscany,920 Tuscany Landng,3600,1841000,2,2,2009,23,19,28
Rocky Ridge,505 Rocky Ridge Pass,400,778000,1,3,2013,18,47,52
Nolan Hill,506 Nolan Hill St,4000,1101000,1,1,1989,20,60,25
Ranchlands,171 Ranchlands Dale,3200,1796000,4,1,1999,17,59,34
Hamptons,494 Hamptons Close,4400,1803000,5,5,2013,1,12,86
Dalhousie,6 Dalhousie Trail,4400,1710000,5,2,2006,5,83,81
Arbour Lake,719 Arbour Lake Crt,1700,1315000,1,4,2015,14,70,22
Simons Valley,794 Simons Valley Circt,1400,342000,1,1,2019,22,68,37
Scenic Acres,799 Scenic Acres Close,4600,1258000,4,1,2006,5,45,64
Simons Valley,320 Simons Valley Alley,1500,1788000,2,3,2001,4,42,24
Edgemont,162 Edgemont Trail,3000,1254000,1,2,1991,15,93,80
Dalhousie,632 Dalhousie Pass,1000,901000,3,1,2007,16,1,83
Royal Oak,599 Royal Oak Pass,400,1488000,2,4,1992,12,28,10
Hamptons,606 Hamptons Pky,800,555000,3,2,2016,0,46,32
Tuscany,28 Tuscany Walk,4500,1145000,2,5,1971,14,0,17
Royal Vista,190 Royal Vista Abbey,4100,1380000,1,2,1980,8,44,29
Edgemont,436 Edgemont View,900,1969000,2,3,2005,5,41,82
Citadel,943 Citadel Trail,3300,1403000,4,2,2018,5,27,53
Simons Valley,510 Simons Valley Green,4200,557000,3,2,1993,22,22,63
Royal Vista,573 Royal Vista Bend,3800,1431000,5,1,1978,13,57,84
Hawkwood,365 Hawkwood Abbey,4700,466000,3,4,2009,5,94,69
Edgemont,695 Edgemont Cres,3800,1391000,1,4,2001,11,75,63
Hawkwood,275 Hawkwood Cres,3100,1918000,1,3,1998,9,0,19
Scenic Acres,193 Scenic Acres Pky,4200,1398000,1,2,2020,23,63,54
